1;title1;description1;1;location1;1;steps1;expected results1;user1;user1;1
2;title2;description2;1;location2;1;steps2;expected results2;user2;user2;1
3;title3;description3;1;location3;1;steps3;expected results3;user3;user3;1
4;title4;description4;1;location4;1;steps4;expected results4;user4;user4;1
5;title5;description5;1;location5;1;steps5;expected results5;user5;user5;1
6;title6;description6;1;location6;1;steps6;expected results6;user6;user6;1
7;title7;description7;1;location7;1;steps7;expected results7;user7;user7;1
8;title8;description8;1;location8;1;steps8;expected results8;user8;user8;1
9;title9;description9;1;location9;1;steps9;expected results9;user9;user9;1
10;title10;description10;1;location10;1;steps10;expected results10;user10;user10;1
11;title11;description11;1;location11;1;steps11;expected results11;user11;user11;1
12;title12;description12;1;location12;1;steps12;expected results12;user12;user12;1
13;title13;description13;2;location13;2;steps13;expected results13;user13;user13;1
14;title14;description14;2;location14;2;steps14;expected results14;user14;user14;1
15;title15;description15;2;location15;2;steps15;expected results15;user15;user15;1
16;title16;description16;2;location16;2;steps16;expected results16;user16;user16;1
17;title17;description17;2;location17;2;steps17;expected results17;user17;user17;1
18;title18;description18;2;location18;2;steps18;expected results18;user18;user18;1
19;title19;description19;2;location19;2;steps19;expected results19;user19;user19;1
20;title20;description20;2;location20;2;steps20;expected results20;user20;user20;1
21;title21;description21;2;location21;2;steps21;expected results21;user21;user21;1
22;title22;description22;2;location22;2;steps22;expected results22;user22;user22;1
23;title23;description23;2;location23;2;steps23;expected results23;user23;user23;1
24;title24;description24;2;location24;2;steps24;expected results24;user24;user24;1
25;title25;description25;2;location25;2;steps25;expected results25;user25;user25;1
26;title26;description26;2;location26;2;steps26;expected results26;user26;user26;1
27;title27;description27;2;location27;2;steps27;expected results27;user27;user27;1
28;title28;description28;3;location28;2;steps28;expected results28;user28;user28;1
29;title29;description29;3;location29;2;steps29;expected results29;user29;user29;1
30;title30;description30;3;location30;2;steps30;expected results30;user30;user30;1
31;title31;description31;3;location31;2;steps31;expected results31;user31;user31;1
32;title32;description32;3;location32;2;steps32;expected results32;user32;user32;1
33;title33;description33;3;location33;1;steps33;expected results33;user33;user33;1
34;title34;description34;3;location34;1;steps34;expected results34;user34;user34;1
35;title35;description35;3;location35;1;steps35;expected results35;user35;user35;1
36;title36;description36;3;location36;1;steps36;expected results36;user36;user36;1
37;title37;description37;3;location37;1;steps37;expected results37;user37;user37;1
38;title38;description38;3;location38;1;steps38;expected results38;user38;user38;1
39;title39;description39;3;location39;1;steps39;expected results39;user39;user39;1
40;title40;description40;3;location40;1;steps40;expected results40;user40;user40;1
41;title41;description41;3;location41;1;steps41;expected results41;user41;user41;1
42;title42;description42;3;location42;1;steps42;expected results42;user42;user42;1
43;title43;description43;3;location43;1;steps43;expected results43;user43;user43;1
44;title44;description44;3;location44;1;steps44;expected results44;user44;user44;1
45;title45;description45;3;location45;1;steps45;expected results45;user45;user45;1
46;title46;description46;3;location46;1;steps46;expected results46;user46;user46;1
47;title47;description47;3;location47;1;steps47;expected results47;user47;user47;1
48;title48;description48;3;location48;1;steps48;expected results48;user48;user48;1
49;title49;description49;3;location49;1;steps49;expected results49;user49;user49;1
50;title50;description50;3;location50;1;steps50;expected results50;user50;user50;1
